Date,Open,High,Low,Close,Volume,Dividends,Stock Splits
2022-05-31,58.650001525878906,59.7599983215332,58.16999816894531,58.68000030517578,5639200,0,0
2022-06-01,58.939998626708984,59.18000030517578,57.09000015258789,57.84000015258789,6103000,0,0
2022-06-02,57.91999816894531,58.20000076293945,57.11000061035156,58.16999816894531,3987500,0,0
2022-06-03,57.7599983215332,58.2400016784668,57.09000015258789,57.290000915527344,4809200,0,0
2022-06-06,57.810001373291016,59.369998931884766,57.400001525878906,58.9900016784668,4094300,0,0
2022-06-07,58.56999969482422,59.709999084472656,58.060001373291016,59.40999984741211,4555900,0,0
2022-06-08,58.970001220703125,59.220001220703125,57.540000915527344,57.7400016784668,3908000,0,0
2022-06-09,57.7400016784668,57.7400016784668,55.869998931884766,55.880001068115234,6573800,0,0
2022-06-10,54.290000915527344,54.720001220703125,53.40999984741211,53.43000030517578,7237800,0,0
2022-06-13,52.459999084472656,53.040000915527344,51.209999084472656,51.630001068115234,6091700,0,0
2022-06-14,52.06999969482422,53.0,51.61000061035156,52.02000045776367,5894300,0,0
2022-06-15,52.52000045776367,52.90999984741211,51.040000915527344,52.04999923706055,6844700,0,0
2022-06-16,50.869998931884766,50.95000076293945,49.08000183105469,49.970001220703125,7600300,0,0
2022-06-17,50.099998474121094,51.70000076293945,49.9900016784668,51.459999084472656,17311400,0,0
2022-06-21,52.9900016784668,53.119998931884766,51.689998626708984,52.150001525878906,4745100,0,0
2022-06-22,51.09000015258789,52.33000183105469,51.02000045776367,51.380001068115234,5491100,0,0
2022-06-23,51.20000076293945,51.5,49.380001068115234,49.599998474121094,6695000,0,0
2022-06-24,50.130001068115234,52.91999816894531,50.02000045776367,52.77000045776367,7883300,0,0
2022-06-27,52.619998931884766,53.09000015258789,51.5,51.91999816894531,4527500,0,0
2022-06-28,52.689998626708984,53.40999984741211,51.77000045776367,51.810001373291016,3495500,0,0
2022-06-29,52.15999984741211,52.25,50.72999954223633,50.79999923706055,4804700,0,0
2022-06-30,50.02000045776367,51.5,49.459999084472656,51.130001068115234,4068700,0,0
2022-07-01,51.099998474121094,52.15999984741211,50.7400016784668,52.02000045776367,3363500,0,0
2022-07-05,50.709999084472656,51.130001068115234,49.650001525878906,51.130001068115234,4265900,0,0
2022-07-06,50.689998626708984,51.34000015258789,50.220001220703125,50.97999954223633,3714700,0,0
2022-07-07,51.790000915527344,52.369998931884766,51.68000030517578,51.790000915527344,4695300,0,0
2022-07-08,52.029998779296875,52.38999938964844,51.36000061035156,51.470001220703125,2751900,0,0
2022-07-11,51.0,51.869998931884766,50.95000076293945,51.45000076293945,3566500,0,0
2022-07-12,50.9900016784668,52.15999984741211,50.9900016784668,51.119998931884766,3686500,0,0
2022-07-13,50.45000076293945,51.040000915527344,49.97999954223633,50.65999984741211,4195400,0,0
2022-07-14,49.09000015258789,49.459999084472656,48.400001525878906,48.41999816894531,5263800,0,0
2022-07-15,49.33000183105469,50.529998779296875,48.75,50.08000183105469,4393000,0,0
2022-07-18,50.63999938964844,51.38999938964844,49.65999984741211,49.88999938964844,3431000,0,0
2022-07-19,50.7400016784668,52.099998474121094,50.709999084472656,51.7400016784668,3350000,0,0
2022-07-20,51.38999938964844,51.90999984741211,51.02000045776367,51.52000045776367,3556200,0,0
2022-07-21,51.279998779296875,51.650001525878906,50.720001220703125,51.630001068115234,2740500,0,0
2022-07-22,51.7400016784668,52.369998931884766,50.849998474121094,51.33000183105469,3051700,0,0
2022-07-25,51.77000045776367,52.43000030517578,51.380001068115234,52.04999923706055,3390300,0,0
2022-07-26,51.77000045776367,52.40999984741211,51.33000183105469,51.72999954223633,2729300,0,0
2022-07-27,52.11000061035156,52.79999923706055,51.619998931884766,52.52000045776367,2676400,0,0
2022-07-28,52.52000045776367,52.72999954223633,50.189998626708984,50.4900016784668,8878600,0,0
2022-07-29,50.650001525878906,51.95000076293945,50.650001525878906,51.77000045776367,6882500,0,0
2022-08-01,51.25,51.61000061035156,50.81999969482422,51.040000915527344,4589600,0,0
2022-08-02,50.959999084472656,51.66999816894531,50.63999938964844,50.709999084472656,4977000,0,0
2022-08-03,51.099998474121094,51.7400016784668,50.72999954223633,51.58000183105469,3495300,0,0
2022-08-04,51.45000076293945,51.86000061035156,51.060001373291016,51.119998931884766,3422500,0,0
2022-08-05,51.06999969482422,51.970001220703125,50.91999816894531,51.83000183105469,3359200,0,0
2022-08-08,52.400001525878906,52.88999938964844,52.099998474121094,52.27000045776367,4623400,0,0
2022-08-09,52.810001373291016,53.77000045776367,52.45000076293945,53.54999923706055,4988400,0,0
2022-08-10,54.29999923706055,55.04999923706055,54.29999923706055,54.91999816894531,4742200,0,0
2022-08-11,55.619998931884766,56.470001220703125,55.619998931884766,56.33000183105469,3986300,0,0
2022-08-12,56.29999923706055,57.439998626708984,56.29999923706055,57.40999984741211,4318100,0,0
2022-08-15,56.47999954223633,57.15999984741211,56.2599983215332,56.7599983215332,3152600,0,0
2022-08-16,56.59000015258789,57.459999084472656,56.4900016784668,57.290000915527344,3992000,0,0
2022-08-17,56.5,57.04999923706055,56.18000030517578,56.689998626708984,3090100,0,0
2022-08-18,56.849998474121094,57.5099983215332,56.75,57.33000183105469,2064700,0,0
2022-08-19,56.970001220703125,57.099998474121094,55.939998626708984,56.099998474121094,3783000,0,0
2022-08-22,55.27000045776367,55.310001373291016,54.0099983215332,54.040000915527344,3735000,0,0
2022-08-23,54.09000015258789,54.63999938964844,54.04999923706055,54.27000045776367,3682100,0,0
2022-08-24,54.0099983215332,54.5,53.720001220703125,54.31999969482422,2055900,0,0
2022-08-25,54.5,55.290000915527344,54.209999084472656,55.2599983215332,2507700,0,0
2022-08-26,55.5,55.619998931884766,52.95000076293945,53.0,5647800,0,0
2022-08-29,52.61000061035156,53.310001373291016,52.15999984741211,52.79999923706055,3082500,0,0
2022-08-30,52.9900016784668,53.02000045776367,52.040000915527344,52.38999938964844,2787000,0,0
2022-08-31,52.63999938964844,52.86000061035156,51.70000076293945,51.75,5946400,0,0
2022-09-01,51.54999923706055,52.400001525878906,51.11000061035156,52.34000015258789,3998600,0,0
2022-09-02,53.08000183105469,53.7400016784668,52.029998779296875,52.40999984741211,3702000,0,0
2022-09-06,52.810001373291016,53.369998931884766,51.63999938964844,52.36000061035156,4142700,0,0
2022-09-07,51.869998931884766,53.90999984741211,51.869998931884766,53.70000076293945,4000400,0,0
2022-09-08,53.560001373291016,54.560001373291016,53.20000076293945,54.33000183105469,3655900,0,0
2022-09-09,54.75,55.310001373291016,54.75,55.040000915527344,4631300,0,0
2022-09-12,55.900001525878906,56.63999938964844,55.5,56.529998779296875,3484600,0,0
2022-09-13,55.220001220703125,55.939998626708984,54.150001525878906,54.34000015258789,5155200,0,0
2022-09-14,54.439998626708984,55.040000915527344,53.560001373291016,54.20000076293945,4425400,0,0
2022-09-15,53.95000076293945,54.91999816894531,53.45000076293945,54.18000030517578,5775000,0,0
2022-09-16,53.9900016784668,53.9900016784668,52.720001220703125,53.650001525878906,11543400,0,0
2022-09-19,52.900001525878906,54.689998626708984,52.779998779296875,54.59000015258789,3212800,0,0
2022-09-20,54.0,54.34000015258789,52.459999084472656,53.40999984741211,6373400,0,0
2022-09-21,53.779998779296875,54.25,52.279998779296875,52.290000915527344,4928100,0,0
2022-09-22,52.59000015258789,52.650001525878906,51.099998474121094,51.209999084472656,4988700,0,0
2022-09-23,50.58000183105469,50.959999084472656,49.099998474121094,49.77000045776367,5500600,0,0
2022-09-26,49.2400016784668,50.02000045776367,48.09000015258789,48.40999984741211,5906300,0,0
2022-09-27,48.84000015258789,49.09000015258789,48.099998474121094,48.560001373291016,5674000,0,0
2022-09-28,48.40999984741211,49.25,48.29999923706055,48.77000045776367,9837700,0,0
2022-09-29,48.119998931884766,48.43000030517578,47.04999923706055,47.65999984741211,7362200,0,0
2022-09-30,47.56999969482422,48.650001525878906,47.310001373291016,47.47999954223633,5209200,0,0
2022-10-03,48.209999084472656,49.38999938964844,47.29999923706055,49.18000030517578,4998000,0,0
2022-10-04,50.0099983215332,51.7400016784668,49.9900016784668,51.709999084472656,4124500,0,0
2022-10-05,50.79999923706055,51.650001525878906,50.75,51.29999923706055,4040800,0,0
2022-10-06,50.86000061035156,51.29999923706055,50.59000015258789,50.7599983215332,3121600,0,0
2022-10-07,50.2400016784668,50.58000183105469,49.41999816894531,49.709999084472656,4097100,0,0
2022-10-10,49.810001373291016,50.06999969482422,48.220001220703125,48.439998626708984,7099000,0,0
2022-10-11,48.2400016784668,49.209999084472656,47.880001068115234,48.04999923706055,4796900,0,0
2022-10-12,49.0,49.7599983215332,48.54999923706055,48.959999084472656,3866100,0,0
2022-10-13,48.29999923706055,51.5099983215332,48.029998779296875,50.939998626708984,5168600,0,0
2022-10-14,51.15999984741211,52.06999969482422,50.43000030517578,50.709999084472656,5963500,0,0
2022-10-17,51.93000030517578,52.470001220703125,51.599998474121094,51.72999954223633,4148100,0,0
2022-10-18,52.9900016784668,53.31999969482422,52.0099983215332,52.599998474121094,5350800,0,0
2022-10-19,52.34000015258789,53.43000030517578,52.31999969482422,52.75,3600700,0,0
2022-10-20,52.150001525878906,52.970001220703125,51.54999923706055,51.849998474121094,4473700,0,0
2022-10-21,51.77000045776367,53.29999923706055,51.65999984741211,53.25,4078600,0,0
2022-10-24,53.560001373291016,54.560001373291016,53.5099983215332,54.349998474121094,3322800,0,0
2022-10-25,53.720001220703125,54.619998931884766,53.470001220703125,54.290000915527344,3899000,0,0
2022-10-26,54.689998626708984,54.97999954223633,54.08000183105469,54.220001220703125,3377000,0,0
2022-10-27,54.7599983215332,55.779998779296875,54.54999923706055,54.619998931884766,3573300,0,0
2022-10-28,54.91999816894531,56.900001525878906,54.689998626708984,56.79999923706055,4758700,0,0
2022-10-31,56.65999984741211,57.349998474121094,56.47999954223633,57.0,5647900,0,0
2022-11-01,57.400001525878906,58.13999938964844,57.029998779296875,57.06999969482422,6844400,0,0
2022-11-02,57.279998779296875,58.650001525878906,56.81999969482422,57.279998779296875,6611300,0,0
2022-11-03,56.27000045776367,58.150001525878906,56.11000061035156,57.61000061035156,5603300,0,0
2022-11-04,58.38999938964844,58.58000183105469,57.04999923706055,57.91999816894531,3443500,0,0
2022-11-07,58.439998626708984,59.310001373291016,58.0099983215332,59.16999816894531,3640800,0,0
2022-11-08,59.0,59.86000061035156,58.380001068115234,59.130001068115234,4511100,0,0
2022-11-09,58.7400016784668,59.41999816894531,58.38999938964844,58.459999084472656,3849400,0,0
2022-11-10,60.150001525878906,60.91999816894531,59.61000061035156,60.59000015258789,4974300,0,0
2022-11-11,60.90999984741211,61.15999984741211,60.029998779296875,60.38999938964844,6332200,0,0
2022-11-14,60.36000061035156,61.11000061035156,60.16999816894531,60.2400016784668,4687800,0,0
2022-11-15,61.099998474121094,61.83000183105469,60.25,60.540000915527344,6113300,0,0
2022-11-16,60.45000076293945,60.84000015258789,59.83000183105469,59.869998931884766,4581200,0,0
2022-11-17,58.9900016784668,59.65999984741211,58.77000045776367,59.439998626708984,5903100,0,0
2022-11-18,60.290000915527344,60.619998931884766,59.4900016784668,59.81999969482422,3381600,0,0
2022-11-21,59.7400016784668,60.36000061035156,59.2599983215332,60.11000061035156,3351800,0,0
2022-11-22,60.439998626708984,60.939998626708984,60.369998931884766,60.880001068115234,3149200,0,0
2022-11-23,60.59000015258789,61.34000015258789,60.59000015258789,60.959999084472656,2362400,0,0
2022-11-25,61.36000061035156,61.43000030517578,60.970001220703125,61.08000183105469,2160500,0,0
2022-11-28,60.540000915527344,61.25,60.540000915527344,60.7400016784668,3787500,0,0
2022-11-29,60.939998626708984,61.7400016784668,60.63999938964844,61.439998626708984,3526800,0,0
2022-11-30,61.02000045776367,63.220001220703125,60.709999084472656,63.11000061035156,10713100,0,0
2022-12-01,63.38999938964844,63.43000030517578,62.54999923706055,63.099998474121094,6331900,0,0
2022-12-02,62.54999923706055,63.060001373291016,62.369998931884766,62.75,4422000,0,0
2022-12-05,62.33000183105469,62.63999938964844,61.119998931884766,61.529998779296875,5058400,0,0
2022-12-06,61.61000061035156,61.75,61.04999923706055,61.689998626708984,3616100,0,0
2022-12-07,61.4900016784668,62.7400016784668,61.13999938964844,62.029998779296875,5662900,0,0
2022-12-08,62.45000076293945,62.5,61.75,62.2599983215332,5963800,0,0
2022-12-09,62.040000915527344,62.939998626708984,61.56999969482422,62.5099983215332,5261200,0,0
2022-12-12,62.65999984741211,63.599998474121094,62.29999923706055,63.5099983215332,4785900,0,0
2022-12-13,64.62000274658203,64.80000305175781,63.279998779296875,63.560001373291016,5533900,0,0
2022-12-14,63.41999816894531,64.08999633789062,62.36000061035156,62.65999984741211,6048200,0,0
2022-12-15,61.779998779296875,62.38999938964844,61.459999084472656,62.209999084472656,8012000,0,0
2022-12-16,61.689998626708984,62.7599983215332,61.38999938964844,62.56999969482422,13078300,0,0
2022-12-19,62.58000183105469,63.099998474121094,61.290000915527344,61.470001220703125,6757300,0,0
2022-12-20,61.86000061035156,63.2400016784668,61.290000915527344,62.79999923706055,4214000,0,0
2022-12-21,63.47999954223633,63.88999938964844,63.2400016784668,63.33000183105469,3367500,0,0
2022-12-22,63.150001525878906,63.27000045776367,61.529998779296875,62.400001525878906,3715800,0,0
2022-12-23,62.380001068115234,63.20000076293945,62.11000061035156,63.15999984741211,2344200,0,0
2022-12-27,63.38999938964844,63.45000076293945,62.97999954223633,63.33000183105469,2329800,0,0
2022-12-28,63.47999954223633,63.63999938964844,62.86000061035156,62.88999938964844,2763800,0,0
2022-12-29,63.20000076293945,63.7599983215332,62.90999984741211,63.630001068115234,1793400,0,0
2022-12-30,63.2599983215332,63.459999084472656,62.939998626708984,63.2400016784668,2351600,0,0
2023-01-03,63.45000076293945,63.869998931884766,62.619998931884766,62.93000030517578,3363500,0,0
2023-01-04,63.5,64.55999755859375,63.18000030517578,63.86000061035156,3763600,0,0
2023-01-05,63.91999816894531,64.08000183105469,63.0,63.5099983215332,3902300,0,0
2023-01-06,64.08999633789062,64.5999984741211,63.7599983215332,64.55000305175781,2893400,0,0
2023-01-09,64.76000213623047,64.87999725341797,63.77000045776367,63.869998931884766,3014000,0,0
2023-01-10,63.77000045776367,63.970001220703125,63.20000076293945,63.45000076293945,6056000,0,0
2023-01-11,63.41999816894531,63.790000915527344,63.25,63.459999084472656,5409500,0,0
2023-01-12,63.79999923706055,64.22000122070312,63.5,63.68000030517578,5012000,0,0
2023-01-13,63.15999984741211,64.4800033569336,62.91999816894531,64.41000366210938,2369500,0,0
2023-01-17,64.05999755859375,64.37999725341797,63.61000061035156,63.779998779296875,3765300,0,0
2023-01-18,63.70000076293945,64.02999877929688,62.130001068115234,62.209999084472656,3565300,0,0
2023-01-19,61.900001525878906,62.2400016784668,61.400001525878906,61.720001220703125,4435300,0,0
2023-01-20,61.75,62.47999954223633,60.7599983215332,62.470001220703125,3343100,0,0
2023-01-23,62.43000030517578,63.13999938964844,62.279998779296875,63.099998474121094,2354500,0,0
2023-01-24,63.400001525878906,63.40999984741211,62.04999923706055,63.15999984741211,4874900,0,0
2023-01-25,62.599998474121094,63.68000030517578,62.439998626708984,63.5,5565000,0,0
2023-01-26,63.900001525878906,64.05000305175781,63.36000061035156,63.97999954223633,3335200,0,0
2023-01-27,63.47999954223633,63.900001525878906,63.189998626708984,63.33000183105469,2294200,0,0
2023-01-30,63.06999969482422,63.47999954223633,63.0,63.16999816894531,2080700,0,0
2023-01-31,62.47999954223633,63.27000045776367,61.7599983215332,63.220001220703125,4342000,0,0
2023-02-01,62.54999923706055,62.7599983215332,60.83000183105469,61.22999954223633,6371800,0,0
2023-02-02,61.0099983215332,61.099998474121094,58.45000076293945,59.029998779296875,10982200,0,0
2023-02-03,58.9900016784668,59.279998779296875,58.16999816894531,58.75,6736100,0,0
2023-02-06,58.459999084472656,60.0,58.29999923706055,59.959999084472656,3895400,0,0
2023-02-07,59.560001373291016,60.869998931884766,59.5,60.61000061035156,3394200,0,0
2023-02-08,60.22999954223633,61.4900016784668,59.97999954223633,60.970001220703125,6025800,0,0
2023-02-09,61.439998626708984,61.70000076293945,60.66999816894531,60.869998931884766,3747700,0,0
2023-02-10,60.79999923706055,61.38999938964844,60.75,61.31999969482422,3096900,0,0
2023-02-13,61.349998474121094,62.06999969482422,61.220001220703125,61.959999084472656,3838500,0,0
2023-02-14,61.66999816894531,61.97999954223633,61.04999923706055,61.52000045776367,3756200,0,0
2023-02-15,61.25,61.90999984741211,60.93000030517578,61.83000183105469,4141500,0,0
2023-02-16,61.61000061035156,63.06999969482422,61.22999954223633,62.15999984741211,5064500,0,0
2023-02-17,61.869998931884766,62.150001525878906,60.4900016784668,60.81999969482422,5737000,0,0
2023-02-21,60.630001068115234,60.900001525878906,59.29999923706055,59.720001220703125,4858600,0,0
2023-02-22,59.310001373291016,60.86000061035156,59.15999984741211,60.65999984741211,5810400,0,0
2023-02-23,61.0,61.369998931884766,59.81999969482422,60.310001373291016,4010400,0,0
2023-02-24,59.849998474121094,60.349998474121094,59.470001220703125,60.16999816894531,4102100,0,0
2023-02-27,60.58000183105469,61.060001373291016,60.310001373291016,60.650001525878906,3591500,0,0
2023-02-28,60.79999923706055,61.38999938964844,60.61000061035156,61.11000061035156,6205100,0,0
2023-03-01,61.15999984741211,61.7400016784668,60.83000183105469,60.959999084472656,4360100,0,0
2023-03-02,60.529998779296875,60.790000915527344,59.75,60.029998779296875,4008200,0,0
2023-03-03,60.400001525878906,60.400001525878906,59.720001220703125,60.20000076293945,3783500,0,0
2023-03-06,60.060001373291016,60.54999923706055,59.90999984741211,60.34000015258789,4597200,0,0
2023-03-07,60.349998474121094,60.40999984741211,58.11000061035156,58.4900016784668,3540600,0,0
2023-03-08,58.65999984741211,58.77000045776367,56.810001373291016,57.349998474121094,5651400,0,0
2023-03-09,57.400001525878906,57.5,55.41999816894531,55.79999923706055,7252100,0,0
2023-03-10,54.88999938964844,55.0,52.83000183105469,53.150001525878906,11354000,0,0
2023-03-13,51.029998779296875,51.220001220703125,49.11000061035156,50.06999969482422,13489800,0,0
2023-03-14,52.29999923706055,52.45000076293945,50.720001220703125,51.119998931884766,8186600,0,0
2023-03-15,48.83000183105469,49.47999954223633,46.939998626708984,47.959999084472656,10302500,0,0
2023-03-16,46.93000030517578,50.349998474121094,46.77000045776367,50.189998626708984,13158000,0,0
2023-03-17,49.4900016784668,49.54999923706055,47.130001068115234,47.2400016784668,11535600,0,0
2023-03-20,47.869998931884766,49.439998626708984,47.810001373291016,48.849998474121094,7182100,0,0
2023-03-21,50.349998474121094,51.380001068115234,50.34000015258789,51.25,9632500,0,0
2023-03-22,51.029998779296875,51.25,48.709999084472656,48.75,5609100,0,0
2023-03-23,48.72999954223633,48.939998626708984,46.61000061035156,47.15999984741211,6555000,0,0
2023-03-24,46.04999923706055,47.36000061035156,45.65999984741211,47.34000015258789,6564500,0,0
2023-03-27,48.34000015258789,48.5099983215332,47.31999969482422,47.459999084472656,8219100,0,0
2023-03-28,47.22999954223633,47.810001373291016,47.060001373291016,47.5,5140700,0,0
2023-03-29,48.4900016784668,48.72999954223633,47.9900016784668,48.70000076293945,5201600,0,0
2023-03-30,49.09000015258789,49.91999816894531,49.09000015258789,49.81999969482422,5933600,0,0
2023-03-31,50.220001220703125,50.4900016784668,49.959999084472656,50.36000061035156,5071600,0,0
2023-04-03,50.459999084472656,50.84000015258789,50.060001373291016,50.41999816894531,4324800,0,0
2023-04-04,51.029998779296875,51.09000015258789,48.90999984741211,49.869998931884766,3905400,0,0
2023-04-05,49.279998779296875,50.29999923706055,49.209999084472656,50.2400016784668,3467900,0,0
2023-04-06,50.470001220703125,51.27000045776367,50.470001220703125,51.08000183105469,3439200,0,0
2023-04-10,50.5,51.22999954223633,50.400001525878906,51.11000061035156,2933400,0,0
2023-04-11,51.29999923706055,51.65999984741211,50.97999954223633,51.20000076293945,4814100,0,0
2023-04-12,51.54999923706055,51.970001220703125,50.90999984741211,51.31999969482422,4391300,0,0
2023-04-13,50.970001220703125,51.810001373291016,50.540000915527344,51.619998931884766,5068700,0,0
2023-04-14,52.02000045776367,52.400001525878906,50.939998626708984,51.439998626708984,3463000,0,0
2023-04-17,51.15999984741211,51.9900016784668,50.689998626708984,51.91999816894531,4968000,0,0
2023-04-18,52.16999816894531,52.5,51.849998474121094,52.459999084472656,3168000,0,0
2023-04-19,52.45000076293945,53.349998474121094,52.119998931884766,53.16999816894531,3778900,0,0
2023-04-20,52.900001525878906,53.13999938964844,52.08000183105469,52.34000015258789,4668900,0,0
2023-04-21,52.0099983215332,52.189998626708984,50.91999816894531,51.54999923706055,3912800,0,0
2023-04-24,51.369998931884766,52.13999938964844,51.369998931884766,51.81999969482422,2975400,0,0
2023-04-25,51.119998931884766,51.529998779296875,50.72999954223633,50.95000076293945,2561800,0,0
2023-04-26,51.04999923706055,51.619998931884766,50.439998626708984,50.810001373291016,3127200,0,0
2023-04-27,51.099998474121094,52.310001373291016,51.0099983215332,52.13999938964844,2963800,0,0
2023-04-28,51.77000045776367,53.22999954223633,51.650001525878906,53.040000915527344,3508200,0,0
2023-05-01,52.59000015258789,53.720001220703125,52.5099983215332,53.09000015258789,2789600,0,0
2023-05-02,52.83000183105469,52.84000015258789,50.95000076293945,51.93000030517578,4165200,0,0
2023-05-03,52.189998626708984,52.63999938964844,51.209999084472656,51.349998474121094,3594400,0,0
2023-05-04,50.70000076293945,50.9900016784668,48.95000076293945,49.880001068115234,5424500,0,0
2023-05-05,54.16999816894531,54.599998474121094,52.41999816894531,53.790000915527344,7504100,0,0
2023-05-08,54.380001068115234,54.4900016784668,53.5099983215332,53.75,3567400,0,0
2023-05-09,53.209999084472656,53.630001068115234,53.02000045776367,53.099998474121094,4876100,0,0
2023-05-10,53.459999084472656,53.61000061035156,52.439998626708984,52.61000061035156,4853000,0,0
2023-05-11,52.040000915527344,53.0,51.93000030517578,52.810001373291016,4446200,0,0
2023-05-12,53.150001525878906,53.34000015258789,51.86000061035156,52.4900016784668,3076500,0,0
2023-05-15,52.88999938964844,52.93000030517578,52.06999969482422,52.540000915527344,2942900,0,0
2023-05-16,52.54999923706055,53.220001220703125,52.130001068115234,52.310001373291016,4336700,0,0
2023-05-17,52.86000061035156,54.09000015258789,52.86000061035156,53.7400016784668,4081400,0,0
2023-05-18,53.72999954223633,54.43000030517578,53.15999984741211,54.310001373291016,2533200,0,0
2023-05-19,54.7400016784668,54.849998474121094,53.56999969482422,53.849998474121094,2732400,0,0
2023-05-22,53.84000015258789,54.0099983215332,53.25,53.959999084472656,2632400,0,0
2023-05-23,55.400001525878906,56.900001525878906,55.25,55.77000045776367,6493800,0,0
2023-05-24,55.099998474121094,55.41999816894531,54.40999984741211,54.56999969482422,3211800,0,0
2023-05-25,54.439998626708984,54.66999816894531,53.540000915527344,53.68000030517578,3798500,0,0
2023-05-26,53.72999954223633,54.369998931884766,53.400001525878906,54.06999969482422,3115900,0,0
2023-05-30,54.13999938964844,54.77000045776367,53.68000030517578,54.720001220703125,2803900,0,0
2023-05-31,54.099998474121094,54.470001220703125,52.779998779296875,52.83000183105469,9756800,0,0
2023-06-01,53.27000045776367,53.88999938964844,53.06999969482422,53.7400016784668,3836400,0,0
2023-06-02,54.439998626708984,55.689998626708984,54.310001373291016,55.20000076293945,3782200,0,0
2023-06-05,55.08000183105469,55.08000183105469,54.15999984741211,54.22999954223633,3421300,0,0
2023-06-06,54.58000183105469,56.119998931884766,54.540000915527344,55.93000030517578,4290200,0,0
2023-06-07,56.189998626708984,57.0099983215332,55.52000045776367,56.72999954223633,3684200,0,0
2023-06-08,56.560001373291016,57.060001373291016,56.119998931884766,56.630001068115234,5151200,0,0
2023-06-09,56.349998474121094,57.0,56.189998626708984,56.880001068115234,3593500,0,0
2023-06-12,56.58000183105469,56.86000061035156,55.529998779296875,56.220001220703125,2926800,0,0
2023-06-13,56.349998474121094,57.41999816894531,56.20000076293945,56.630001068115234,3495400,0,0
2023-06-14,56.66999816894531,57.41999816894531,55.56999969482422,55.84000015258789,4211500,0,0
2023-06-15,54.959999084472656,57.06999969482422,54.91999816894531,56.619998931884766,4709000,0,0
2023-06-16,56.86000061035156,57.5099983215332,56.43000030517578,57.29999923706055,10319300,0,0
2023-06-20,56.70000076293945,57.15999984741211,55.939998626708984,56.08000183105469,4083000,0,0
2023-06-21,56.13999938964844,56.61000061035156,55.54999923706055,56.459999084472656,3984900,0,0
2023-06-22,56.709999084472656,56.7599983215332,55.29999923706055,55.970001220703125,3987100,0,0
2023-06-23,55.0099983215332,55.4900016784668,54.84000015258789,55.220001220703125,5255500,0,0
2023-06-26,55.380001068115234,56.11000061035156,55.099998474121094,55.66999816894531,3348900,0,0
2023-06-27,55.540000915527344,56.779998779296875,55.400001525878906,56.45000076293945,3349800,0,0
2023-06-28,56.2400016784668,56.52000045776367,55.68000030517578,56.459999084472656,3858300,0,0
2023-06-29,56.59000015258789,57.400001525878906,56.54999923706055,57.20000076293945,3862500,0,0
2023-06-30,57.90999984741211,57.95000076293945,57.349998474121094,57.540000915527344,3228900,0,0
2023-07-03,57.54999923706055,58.439998626708984,57.54999923706055,57.939998626708984,2257900,0,0
2023-07-05,57.34000015258789,57.77000045776367,56.880001068115234,57.709999084472656,2751800,0,0
2023-07-06,57.15999984741211,57.66999816894531,56.970001220703125,57.599998474121094,4172000,0,0
2023-07-07,57.279998779296875,58.72999954223633,57.279998779296875,58.20000076293945,3089500,0,0
2023-07-10,58.060001373291016,58.619998931884766,57.880001068115234,58.08000183105469,2758300,0,0
2023-07-11,58.060001373291016,58.970001220703125,58.060001373291016,58.75,2681200,0,0
2023-07-12,59.459999084472656,59.7400016784668,58.58000183105469,58.650001525878906,2709800,0,0
2023-07-13,58.13999938964844,58.959999084472656,58.13999938964844,58.88999938964844,2544700,0,0
2023-07-14,59.279998779296875,59.34000015258789,57.36000061035156,57.650001525878906,3168000,0,0
2023-07-17,57.939998626708984,59.36000061035156,57.939998626708984,59.099998474121094,3859800,0,0
2023-07-18,58.970001220703125,59.65999984741211,58.95000076293945,59.369998931884766,4119400,0,0
2023-07-19,59.11000061035156,59.63999938964844,58.880001068115234,59.119998931884766,4605500,0,0
2023-07-20,59.5099983215332,60.2599983215332,59.5099983215332,60.2400016784668,3340000,0,0
2023-07-21,60.45000076293945,60.5,59.63999938964844,59.95000076293945,2455700,0,0
2023-07-24,59.560001373291016,60.68000030517578,59.5099983215332,60.2599983215332,2771700,0,0
2023-07-25,60.2599983215332,60.380001068115234,59.709999084472656,59.88999938964844,2816400,0,0
2023-07-26,60.22999954223633,61.13999938964844,59.90999984741211,60.84000015258789,3262800,0,0
2023-07-27,61.08000183105469,61.70000076293945,60.630001068115234,60.63999938964844,3178600,0,0
2023-07-28,61.20000076293945,61.31999969482422,59.58000183105469,60.15999984741211,3904800,0,0
2023-07-31,60.38999938964844,60.790000915527344,59.93000030517578,60.279998779296875,3675800,0,0
2023-08-01,60.38999938964844,60.459999084472656,59.959999084472656,60.380001068115234,3819100,0,0
2023-08-02,60.38999938964844,62.20000076293945,60.25,61.27000045776367,5055700,0,0
2023-08-03,61.29999923706055,61.45000076293945,60.959999084472656,61.13999938964844,3865000,0,0
2023-08-04,61.099998474121094,61.83000183105469,60.63999938964844,60.689998626708984,3240700,0,0
2023-08-07,61.13999938964844,62.31999969482422,61.13999938964844,61.90999984741211,2560700,0,0
2023-08-08,60.970001220703125,61.66999816894531,60.5,61.5,2277900,0,0
2023-08-09,61.380001068115234,61.56999969482422,60.310001373291016,60.34000015258789,2133400,0,0
2023-08-10,60.70000076293945,61.400001525878906,60.2599983215332,60.41999816894531,1895700,0,0
2023-08-11,60.0099983215332,60.83000183105469,59.810001373291016,60.529998779296875,1732200,0,0
2023-08-14,60.33000183105469,60.369998931884766,59.56999969482422,59.81999969482422,2207800,0,0
2023-08-15,59.150001525878906,59.189998626708984,58.5099983215332,58.779998779296875,2911100,0,0
2023-08-16,58.779998779296875,59.439998626708984,58.45000076293945,58.61000061035156,2305800,0,0
2023-08-17,58.869998931884766,59.04999923706055,57.79999923706055,58.060001373291016,2879300,0,0
2023-08-18,57.68000030517578,58.380001068115234,57.66999816894531,57.95000076293945,2584100,0,0
2023-08-21,58.06999969482422,58.22999954223633,57.380001068115234,57.790000915527344,1900400,0,0
2023-08-22,57.65999984741211,57.939998626708984,57.02000045776367,57.34000015258789,3135300,0,0
2023-08-23,57.470001220703125,57.68000030517578,57.13999938964844,57.619998931884766,2360600,0,0
2023-08-24,57.400001525878906,58.56999969482422,57.38999938964844,58.09000015258789,3379300,0,0
2023-08-25,58.209999084472656,58.560001373291016,57.4900016784668,57.849998474121094,2286900,0,0
2023-08-28,57.88999938964844,58.38999938964844,57.45000076293945,57.869998931884766,2048700,0,0
2023-08-29,58.04999923706055,58.45000076293945,57.59000015258789,58.349998474121094,3136100,0,0
2023-08-30,58.560001373291016,58.97999954223633,58.11000061035156,58.34000015258789,1865800,0,0
2023-08-31,58.459999084472656,58.599998474121094,58.119998931884766,58.52000045776367,3113300,0,0
2023-09-01,58.880001068115234,59.599998474121094,58.880001068115234,59.2400016784668,1995500,0,0
2023-09-05,58.970001220703125,59.7599983215332,58.599998474121094,58.599998474121094,2428600,0,0
2023-09-06,58.4900016784668,59.38999938964844,58.31999969482422,59.189998626708984,2787400,0,0
2023-09-07,59.15999984741211,59.900001525878906,58.959999084472656,59.650001525878906,4405200,0,0
2023-09-08,59.540000915527344,60.15999984741211,59.310001373291016,59.65999984741211,2060600,0,0
2023-09-11,60.11000061035156,60.619998931884766,59.59000015258789,59.689998626708984,2719400,0,0
2023-09-12,59.869998931884766,60.95000076293945,59.7599983215332,60.56999969482422,2091300,0,0
2023-09-13,60.709999084472656,60.880001068115234,60.130001068115234,60.650001525878906,2723700,0,0
2023-09-14,61.0,61.380001068115234,60.689998626708984,61.20000076293945,2556400,0,0
2023-09-15,60.75,61.22999954223633,60.65999984741211,61.18000030517578,7126700,0,0
2023-09-18,61.279998779296875,61.91999816894531,60.7599983215332,61.68000030517578,2704300,0,0
2023-09-19,62.029998779296875,62.58000183105469,61.86000061035156,62.36000061035156,3029200,0,0
2023-09-20,62.650001525878906,62.939998626708984,62.2400016784668,62.31999969482422,3144900,0,0
2023-09-21,62.099998474121094,62.209999084472656,61.290000915527344,61.33000183105469,3698300,0,0
2023-09-22,61.279998779296875,61.84000015258789,61.150001525878906,61.58000183105469,2670300,0,0
2023-09-25,61.47999954223633,62.2400016784668,61.47999954223633,62.130001068115234,1988900,0,0
2023-09-26,61.75,62.45000076293945,61.22999954223633,61.2599983215332,3072400,0,0
2023-09-27,61.43000030517578,61.540000915527344,60.25,61.0099983215332,2387600,0,0
2023-09-28,60.959999084472656,61.95000076293945,60.91999816894531,61.279998779296875,3172300,0,0
2023-09-29,61.11000061035156,61.400001525878906,60.220001220703125,60.599998474121094,2913900,0,0
2023-10-02,60.439998626708984,60.58000183105469,59.38999938964844,60.04999923706055,2982900,0,0
2023-10-03,59.79999923706055,59.93000030517578,58.349998474121094,58.63999938964844,2865500,0,0
2023-10-04,58.349998474121094,59.43000030517578,57.720001220703125,59.36000061035156,2980700,0,0
2023-10-05,59.13999938964844,60.63999938964844,59.06999969482422,60.150001525878906,4251700,0,0
2023-10-06,59.97999954223633,61.189998626708984,59.79999923706055,60.869998931884766,3304600,0,0
2023-10-09,60.619998931884766,61.25,60.5,61.09000015258789,1856900,0,0
2023-10-10,61.09000015258789,61.63999938964844,61.060001373291016,61.16999816894531,2472700,0,0
2023-10-11,61.189998626708984,61.77000045776367,60.81999969482422,61.529998779296875,3050900,0,0
2023-10-12,61.900001525878906,61.900001525878906,60.790000915527344,61.13999938964844,2739400,0,0
2023-10-13,61.59000015258789,62.0,60.72999954223633,61.09000015258789,2313300,0,0
2023-10-16,61.72999954223633,62.849998474121094,61.630001068115234,62.61000061035156,3022300,0,0
2023-10-17,62.5,63.650001525878906,62.439998626708984,63.18000030517578,3377000,0,0
2023-10-18,62.97999954223633,63.349998474121094,62.47999954223633,62.599998474121094,3269900,0,0
2023-10-19,62.33000183105469,62.63999938964844,61.060001373291016,61.16999816894531,2388000,0,0
2023-10-20,61.119998931884766,61.2599983215332,59.04999923706055,59.52000045776367,3142100,0,0
2023-10-23,59.38999938964844,59.40999984741211,58.689998626708984,58.97999954223633,2821100,0,0
2023-10-24,59.220001220703125,59.97999954223633,59.11000061035156,59.869998931884766,3001400,0,0
2023-10-25,59.90999984741211,61.279998779296875,59.90999984741211,60.959999084472656,3594000,0,0
2023-10-26,60.959999084472656,61.90999984741211,60.790000915527344,60.849998474121094,2788200,0,0
2023-10-27,60.79999923706055,60.869998931884766,59.119998931884766,59.529998779296875,3097600,0,0
2023-10-30,60.0,61.11000061035156,59.88999938964844,61.0,3075900,0,0
2023-10-31,60.81999969482422,61.54999923706055,60.81999969482422,61.310001373291016,3996400,0,0
2023-11-01,61.709999084472656,62.41999816894531,61.310001373291016,62.04999923706055,4790100,0,0
2023-11-02,62.970001220703125,64.77999877929688,62.900001525878906,64.36000061035156,7287200,0,0
2023-11-03,64.0,64.94000244140625,63.68000030517578,63.7400016784668,5002300,0,0
2023-11-06,63.52000045776367,64.5,63.52000045776367,63.939998626708984,3111900,0,0
2023-11-07,63.849998474121094,63.849998474121094,62.66999816894531,63.099998474121094,3392600,0,0
2023-11-08,63.099998474121094,63.33000183105469,62.52000045776367,62.58000183105469,2648100,0,0
2023-11-09,62.90999984741211,63.599998474121094,62.75,62.849998474121094,3118300,0,0
2023-11-10,63.08000183105469,63.91999816894531,62.959999084472656,63.81999969482422,3636300,0,0
2023-11-13,63.4900016784668,64.04000091552734,63.349998474121094,63.72999954223633,2492900,0,0
2023-11-14,64.05999755859375,64.77999877929688,63.790000915527344,64.20999908447266,4617200,0,0
2023-11-15,64.19999694824219,64.41000366210938,63.38999938964844,63.47999954223633,3436500,0,0
2023-11-16,63.56999969482422,64.18000030517578,63.56999969482422,64.12000274658203,3166400,0,0
2023-11-17,64.37999725341797,64.73999786376953,64.11000061035156,64.4800033569336,3343800,0,0
2023-11-20,63.9900016784668,64.66000366210938,63.790000915527344,64.36000061035156,2472600,0,0
2023-11-21,64.47000122070312,65.30000305175781,64.47000122070312,64.97000122070312,2852800,0,0
2023-11-22,64.94000244140625,65.26000213623047,64.58999633789062,64.97000122070312,1857800,0,0
2023-11-24,65.0999984741211,65.72000122070312,65.0199966430664,65.20999908447266,1457700,0,0
2023-11-27,64.9800033569336,65.41000366210938,64.93000030517578,65.25,2706700,0,0
2023-11-28,65.25,65.47000122070312,64.62000274658203,64.63999938964844,2336600,0,0
2023-11-29,64.62999725341797,65.12000274658203,64.54000091552734,64.83000183105469,2496700,0,0
2023-11-30,64.94000244140625,65.83000183105469,64.80999755859375,65.80999755859375,5325600,0,0
2023-12-01,65.66999816894531,66.47000122070312,65.44999694824219,65.97000122070312,3439000,0,0
2023-12-04,65.7300033569336,66.30000305175781,65.44999694824219,66.0,4116300,0,0
2023-12-05,65.80000305175781,66.44999694824219,65.73999786376953,65.9000015258789,3634100,0,0
2023-12-06,66.12999725341797,66.68000030517578,65.33000183105469,65.37000274658203,4221900,0,0
2023-12-07,65.68000030517578,65.8499984741211,64.80999755859375,65.41000366210938,3790000,0,0
2023-12-08,65.58000183105469,65.8499984741211,65.19999694824219,65.52999877929688,2922200,0,0
2023-12-11,65.55999755859375,66.54000091552734,65.44000244140625,66.18000030517578,3675200,0,0
2023-12-12,66.16999816894531,67.38999938964844,66.13999938964844,66.94999694824219,5163900,0,0
2023-12-13,66.55999755859375,67.36000061035156,66.26000213623047,67.2300033569336,3612000,0,0
2023-12-14,67.41999816894531,67.69000244140625,66.19000244140625,66.48999786376953,5215500,0,0
2023-12-15,65.80000305175781,66.9800033569336,65.69000244140625,66.01000213623047,7661900,0,0
2023-12-18,66.41999816894531,66.79000091552734,65.87999725341797,66.45999908447266,2710800,0,0
2023-12-19,67.20999908447266,67.62000274658203,66.69999694824219,67.44000244140625,4097000,0,0
2023-12-20,67.20999908447266,67.77999877929688,66.58000183105469,66.62000274658203,3759400,0,0
2023-12-21,66.63999938964844,66.95999908447266,65.77999877929688,66.56999969482422,2006600,0,0
2023-12-22,66.75,67.11000061035156,66.68000030517578,66.93000030517578,1518300,0,0
2023-12-26,66.91999816894531,67.31999969482422,66.72000122070312,67.12999725341797,2815700,0,0
2023-12-27,66.87000274658203,67.22000122070312,66.4000015258789,67.1500015258789,1507600,0,0
2023-12-28,67.41999816894531,67.9800033569336,67.4000015258789,67.87000274658203,2245800,0,0
2023-12-29,67.87000274658203,68.02999877929688,67.55999755859375,67.75,2498400,0,0
2024-01-02,67.3499984741211,68.87999725341797,67.3499984741211,68.83999633789062,3897700,0,0
2024-01-03,68.87000274658203,69.37000274658203,68.54000091552734,68.61000061035156,3970300,0,0
2024-01-04,68.87999725341797,69.76000213623047,68.58000183105469,68.62999725341797,4146100,0,0
2024-01-05,68.79000091552734,69.2300033569336,68.58000183105469,69.01000213623047,4870500,0,0
2024-01-08,69.08000183105469,69.18000030517578,67.80999755859375,68.22000122070312,4098100,0,0
2024-01-09,67.83999633789062,67.94999694824219,67.18000030517578,67.83000183105469,3479300,0,0
2024-01-10,67.48999786376953,67.86000061035156,67.26000213623047,67.58999633789062,2943400,0,0
2024-01-11,67.43000030517578,67.58999633789062,66.88999938964844,67.29000091552734,2788000,0,0
2024-01-12,67.4800033569336,67.80000305175781,67.02999877929688,67.5,2473100,0,0
2024-01-16,67.23999786376953,67.4000015258789,66.72000122070312,67.22000122070312,2906400,0,0
2024-01-17,66.66000366210938,67.88999938964844,66.66000366210938,66.75,3691200,0,0
2024-01-18,66.38999938964844,67.3499984741211,66.05999755859375,67.23999786376953,3580500,0,0
2024-01-19,67.87999725341797,69.2699966430664,67.69999694824219,68.83000183105469,5098600,0,0
2024-01-22,69.18000030517578,69.54000091552734,68.88999938964844,69.26000213623047,3091900,0,0
2024-01-23,69.26000213623047,69.43000030517578,68.97000122070312,69.0,2562200,0,0
2024-01-24,69.43000030517578,69.66000366210938,69.02999877929688,69.16000366210938,2736100,0,0
2024-01-25,69.62999725341797,69.93000030517578,68.81999969482422,68.9800033569336,3968400,0,0
2024-01-26,69.1500015258789,69.6500015258789,69.0,69.52999877929688,2564600,0,0
2024-01-29,69.41000366210938,69.69000244140625,69.04000091552734,69.37000274658203,3167200,0,0
2024-01-30,69.33000183105469,70.41000366210938,69.33000183105469,70.37999725341797,2966800,0,0
2024-01-31,70.55999755859375,71.06999969482422,69.5,69.51000213623047,3690900,0,0
2024-02-01,69.01000213623047,69.47000122070312,67.52999877929688,68.81999969482422,4304200,0,0
2024-02-02,69.08000183105469,70.04000091552734,68.97000122070312,69.62999725341797,2808900,0,0
2024-02-05,68.94000244140625,69.27999877929688,68.72000122070312,68.93000030517578,2929300,0,0
2024-02-06,68.7699966430664,69.36000061035156,68.5999984741211,68.7699966430664,2910400,0,0
2024-02-07,68.9800033569336,69.83999633789062,68.94000244140625,69.80999755859375,2844100,0,0
2024-02-08,69.7699966430664,69.7699966430664,67.95999908447266,68.41000366210938,5242200,0,0
2024-02-09,68.27999877929688,69.2300033569336,68.05999755859375,69.12000274658203,3217300,0,0
2024-02-12,69.4000015258789,70.18000030517578,69.26000213623047,69.7300033569336,3770600,0,0
2024-02-13,69.86000061035156,70.30000305175781,69.19999694824219,70.08999633789062,5328600,0,0
2024-02-14,72.19999694824219,73.27999877929688,68.7300033569336,69.16999816894531,7507300,0,0
2024-02-15,69.0199966430664,70.80999755859375,68.8499984741211,70.30000305175781,5656300,0,0
2024-02-16,70.1500015258789,70.79000091552734,69.69999694824219,70.04000091552734,5139600,0,0
2024-02-20,69.01000213623047,69.41999816894531,68.05000305175781,68.12999725341797,6814600,0,0
2024-02-21,68.63999938964844,69.0999984741211,68.1500015258789,68.68000030517578,3969200,0,0
2024-02-22,68.68000030517578,70.98999786376953,68.6500015258789,70.87999725341797,6031800,0,0
2024-02-23,71.0,71.91999816894531,70.87999725341797,71.31999969482422,4246100,0,0
2024-02-26,71.33999633789062,72.47000122070312,71.16999816894531,71.31999969482422,5154600,0,0
2024-02-27,71.25,72.0199966430664,71.25,71.94999694824219,3217500,0,0
2024-02-28,71.91999816894531,72.52999877929688,71.7300033569336,72.43000030517578,3557600,0,0
2024-02-29,72.69000244140625,73.0999984741211,72.01000213623047,72.88999938964844,5300200,0,0
2024-03-01,72.83999633789062,73.44000244140625,72.47000122070312,72.83999633789062,4631700,0,0
2024-03-04,72.29000091552734,73.26000213623047,72.27999877929688,73.16999816894531,4030400,0,0
2024-03-05,72.98999786376953,74.30000305175781,72.80999755859375,73.91999816894531,5310500,0,0
2024-03-06,73.7699966430664,74.97000122070312,73.13999938964844,74.8499984741211,5327400,0,0
2024-03-07,75.05000305175781,75.4800033569336,74.52999877929688,74.72000122070312,2945100,0,0
2024-03-08,74.70999908447266,74.88999938964844,74.29000091552734,74.41000366210938,2338500,0,0
2024-03-11,74.0999984741211,75.22000122070312,74.06999969482422,74.91000366210938,2336400,0,0
2024-03-12,74.91999816894531,76.04000091552734,74.79000091552734,75.88999938964844,3656000,0,0
2024-03-13,75.83999633789062,76.0999984741211,75.3499984741211,75.48999786376953,3645000,0,0
2024-03-14,75.44000244140625,76.0199966430664,74.83999633789062,75.8499984741211,3869100,0,0
2024-03-15,75.33000183105469,76.36000061035156,75.23999786376953,76.2699966430664,7185000,0,0
2024-03-18,76.16999816894531,76.5199966430664,75.12999725341797,75.33999633789062,6434600,0,0
2024-03-19,75.91000366210938,76.2699966430664,75.41999816894531,75.48999786376953,5565100,0,0
2024-03-20,75.62999725341797,76.80000305175781,75.4800033569336,76.73999786376953,4132900,0,0
2024-03-21,76.66999816894531,77.4800033569336,76.56999969482422,77.41000366210938,3860800,0,0
2024-03-22,77.44000244140625,77.62999725341797,76.23999786376953,76.37999725341797,2913900,0,0
2024-03-25,76.48999786376953,77.12000274658203,76.36000061035156,76.58999633789062,3286800,0,0
2024-03-26,76.70999908447266,77.43000030517578,76.43000030517578,77.38999938964844,3861900,0,0
2024-03-27,77.70999908447266,78.38999938964844,77.33000183105469,78.33999633789062,3474100,0,0
2024-03-28,78.51000213623047,78.69999694824219,78.13999938964844,78.16999816894531,4292900,0,0
2024-04-01,78.0,78.30000305175781,77.30000305175781,77.63999938964844,2329300,0,0
2024-04-02,77.61000061035156,78.29000091552734,77.36000061035156,78.0199966430664,3335100,0,0
2024-04-03,78.18000030517578,78.94999694824219,77.55999755859375,77.80000305175781,3380800,0,0
2024-04-04,78.2699966430664,78.91999816894531,76.41999816894531,76.62000274658203,4013100,0,0
2024-04-05,76.93000030517578,77.86000061035156,76.69000244140625,77.70999908447266,2999900,0,0
2024-04-08,77.8499984741211,78.23999786376953,77.5,77.8499984741211,3027600,0,0
2024-04-09,78.08999633789062,78.11000061035156,75.19000244140625,75.5199966430664,4390000,0,0
2024-04-10,75.08999633789062,75.68000030517578,74.33000183105469,75.31999969482422,4501500,0,0
2024-04-11,74.8499984741211,74.86000061035156,73.5999984741211,74.16999816894531,3833900,0,0
2024-04-12,74.0,74.6500015258789,73.19000244140625,73.68000030517578,4176500,0,0
2024-04-15,74.55999755859375,74.83999633789062,72.97000122070312,73.05000305175781,3584500,0,0
2024-04-16,73.5,74.55999755859375,72.5999984741211,73.80999755859375,4653000,0,0
2024-04-17,72.63999938964844,73.55000305175781,71.51000213623047,72.58000183105469,6222900,0,0
2024-04-18,73.16999816894531,73.5999984741211,72.7699966430664,72.98999786376953,3162100,0,0
2024-04-19,73.43000030517578,74.61000061035156,72.91000366210938,74.2300033569336,3509700,0,0
2024-04-22,74.66000366210938,75.37999725341797,74.12999725341797,74.95999908447266,2769900,0,0
2024-04-23,75.04000091552734,75.68000030517578,74.68000030517578,74.93000030517578,3011200,0,0
2024-04-24,74.44000244140625,75.13999938964844,74.37000274658203,74.97000122070312,2684600,0,0
2024-04-25,74.68000030517578,75.04000091552734,74.19000244140625,74.62999725341797,2987100,0,0
2024-04-26,74.43000030517578,75.02999877929688,74.23999786376953,74.52999877929688,5027200,0,0
2024-04-29,74.61000061035156,75.79000091552734,74.54000091552734,75.73999786376953,3582200,0,0
2024-04-30,75.48999786376953,75.66999816894531,75.08999633789062,75.30999755859375,3377300,0,0
2024-05-01,75.33999633789062,76.62000274658203,75.22000122070312,75.80999755859375,4548300,0,0
2024-05-02,78.22000122070312,79.69999694824219,76.91000366210938,78.0999984741211,6490300,0,0
2024-05-03,77.76000213623047,78.86000061035156,76.22000122070312,78.4800033569336,6715500,0,0
2024-05-06,79.11000061035156,80.12999725341797,78.80000305175781,79.97000122070312,4669100,0,0
2024-05-07,80.20999908447266,80.76000213623047,79.87999725341797,80.27999877929688,3644100,0,0
2024-05-08,80.25,80.62999725341797,79.86000061035156,79.88999938964844,3137200,0,0
2024-05-09,79.58000183105469,80.30999755859375,79.30000305175781,79.87999725341797,3193300,0,0
2024-05-10,80.16999816894531,80.83000183105469,80.0,80.11000061035156,4034000,0,0
2024-05-13,80.11000061035156,80.45999908447266,78.9000015258789,78.98999786376953,3745800,0,0
2024-05-14,78.88999938964844,79.61000061035156,78.81999969482422,79.44000244140625,3141000,0,0
2024-05-15,79.01000213623047,79.5999984741211,78.37000274658203,78.9000015258789,2911300,0,0
2024-05-16,79.83000183105469,80.16000366210938,78.68000030517578,78.73999786376953,5725900,0,0
2024-05-17,79.02999877929688,80.7699966430664,78.83000183105469,80.54000091552734,6778800,0,0
2024-05-20,80.6500015258789,80.7300033569336,78.75,78.79000091552734,4312300,0,0
2024-05-21,78.79000091552734,79.38999938964844,78.58999633789062,78.68000030517578,2944300,0,0
